女鹿平温泉めがひらスキー場,広島県廿日市市吉和4301,0829-40-3000,gelande391,34.4984682,132.1438513,め
スノーリゾート猫山,広島県庄原市西城町大字三坂190-50,0824-84-2311,gelande392,35.0405249,133.19893,す
ひるぜんベアバレースキー場,岡山県真庭市蒜山本茅部644-105,0867-66-5333,gelande393,35.2611517,133.5961476,ひ
神郷第一スキー場,岡山県新見市神郷高瀬新畑1532-12,0867-93-5111,gelande394,35.0764262,133.3139415,し
恩原高原スキー場,岡山県苫田郡鏡野町上斎原恩原,0868-44-2808,gelande395,35.3126121,133.9809093,お
津黒高原スキー場,岡山県真庭市蒜山下和1193-23,0867-67-2550,gelande396,35.2584458,133.7959519,つ
いぶきの里スキー場,岡山県新見市千屋花見1336-1,0867-77-2266,gelande397,35.1689679,133.4090837,い
スキーパーク寒曳,広島県山県郡北広島町大朝820,0826-82-3939,gelande398,34.7984321,132.4627212,す
雄鹿原高原スキー場,広島県山県郡北広島町荒神原雄鹿原高原,0826-35-0952,gelande399,34.7271945,132.253604,お
芸北高原大佐スキー場,広島県山県郡北広島町荒神原38-31,0826-35-0038,gelande400,34.7478385,132.2199919,け
ユートピアサイオト,広島県山県郡北広島町才乙144,0826-35-1234,gelande401,34.7849675,132.3181408,ゆ
芸北国際スキー場,広島県山県郡北広島町中祖19,0826-35-0250,gelande402,34.7119873,132.2319114,げ
恐羅漢スキー場,広島県山県郡安芸太田町横川,0826-28-7007,gelande403,34.595594,132.1465464,お
ひろしま県民の森スキー場,広島県庄原市西城町油木156-14,0824-84-2011,gelande404,35.0693556,133.0725732,ひ
ホワイトバレー松原,広島県山県郡安芸太田町松原135-1,0826-29-0021,gelande405,34.6442922,132.2355899,ほ
道後山高原スキー場,広島県庄原市西城町三坂,0824-84-2105,gelande406,35.054826,133.2010435,と
広島県立もみのき森林公園スキー場,広島県廿日市市吉和1593-75,0829-77-2011,gelande407,34.480457,132.17802,ひ
りんご今日話国スキー場,広島県庄原市高野町下門田,0824-86-3000,gelande408,35.0227887,132.8739436,り
船平山スキー場,山口県山口市阿東徳佐上237-1,083-957-0730,gelande409,34.4276467,131.7381403,ふ
十種ヶ峰スキー場,山口県山口市阿東嘉年下1505-1,083-958-0547,gelande410,34.4528274,131.6967758,と
